ACCIDENT_YEAR,COLLISION_DATE,COLLISION_TIME,MONTH,SEASON,24HOURS,DAY_OF_WEEK,INTERSECTION,WEATHER_1,STATE_HWY_IND,ROAD_SURFACE,ROAD_COND_1,LIGHTING,STWD_VEHTYPE_AT_FAULT,CHP_VEHTYPE_AT_FAULT,DIRECTION,PCF_VIOL_CATEGORY,TYPE_OF_COLLISION,PEDESTRIAN_ACCIDENT,BICYCLE_ACCIDENT,MOTORCYCLE_ACCIDENT,TRUCK_ACCIDENT,MVIW,TOW_AWAY,HIT_AND_RUN,CONTROL_DEVICE,NUMBER_INJURED,COUNT_PED_INJURED,COUNT_BICYCLIST_INJURED,COUNT_MC_INJURED,PCF_VIOLATION,PARTY_COUNT,POINT_Y,POINT_X,COLLISION_SEVERITY
2011,2011-05-08,2115,5,1,21,7,N,B,Y,B,H,D,D,22,N,03,D,,,,,C,N,N,D,1,0,0,0,22350.0,2,40.27381174,-120.48172016,4
2011,2011-04-12,750,4,1,7,2,Y,A,N,A,H,A,D,22,,09,D,,,,,C,Y,N,D,1,0,0,0,21802.0,2,40.41849,-120.65246,4
2011,2011-02-16,1546,2,4,15,3,N,D,Y,C,H,A,A,07,E,03,A,,,,,D,Y,N,D,3,0,0,0,22350.0,2,41.16925845,-120.98669848,1
2011,2011-01-10,730,1,4,7,1,Y,A,N,A,H,A,-,- ,,03,G,Y,,,,B,N,N,A,1,1,0,0,22350.0,3,40.42077,-120.64519,3
2011,2011-01-01,1020,1,4,10,6,N,B,Y,C,H,A,A,07,S,03,C,,,,,C,Y,N,D,1,0,0,0,22350.0,2,39.94893479,-120.02923488,4
2011,2011-01-07,1505,1,4,15,5,Y,A,Y,A,H,A,A,01,,09,D,,,,,C,Y,N,A,1,0,0,0,21801.0,2,40.38394535,-120.58693321,4
2011,2011-01-08,2220,1,4,22,6,N,A,Y,A,H,D,A,01,W,08,E,,,,,I,Y,N,D,1,0,0,0,22107.0,1,,,4
2011,2011-01-09,1210,1,4,12,7,N,A,Y,A,H,A,D,22,E,03,F,,,,,A,Y,N,D,2,0,0,0,22350.0,1,40.31701152,-120.95843346,4
2011,2011-01-13,837,1,4,8,4,N,B,Y,B,H,A,A,07,W,03,E,,,,,I,Y,N,D,3,0,0,0,22350.0,1,40.50257731,-120.98761198,4
2011,2011-01-11,2340,1,4,23,2,N,B,Y,C,H,D,D,22,N,03,F,,,,,A,Y,N,D,1,0,0,0,22350.0,1,40.21933066,-120.43045601,2
2011,2011-01-30,1815,1,4,18,7,N,A,Y,-,H,D,-,- ,N,18,H,,,,,H,Y,N,D,2,0,0,0,,1,40.61476642,-120.24540326,3
2011,2011-01-07,1310,1,4,13,5,N,A,N,C,H,A,A,08,S,03,E,,,,,I,Y,N,D,1,0,0,0,22350.0,1,40.52559255,-121.04311377,4
2011,2011-01-10,1442,1,4,14,1,N,A,N,A,H,A,A,07,E,05,E,,,,,I,Y,N,D,1,0,0,0,21650.0,1,40.31689306,-120.50676734,2
2011,2011-02-13,1830,2,4,18,7,Y,A,Y,A,H,C,-,- ,,12,A,,,,,C,Y,N,A,3,0,0,0,21453.0,2,40.41240109,-120.63869657,2
2011,2011-01-22,1505,1,4,15,6,Y,A,Y,A,H,A,-,- ,,09,D,,,,,C,Y,N,A,2,0,0,0,21802.0,2,40.42132307,-120.64652242,3
2011,2011-02-14,1815,2,4,18,1,N,B,Y,A,H,D,-,- ,N,18,H,,,,,H,Y,N,D,4,0,0,0,,1,40.90059553,-120.48938087,3
2011,2011-02-25,630,2,4,6,5,N,D,Y,C,H,A,A,07,E,03,B,,,,,C,Y,N,A,1,0,0,0,22350.0,2,40.09627576,-120.18371187,4
2011,2011-02-17,1010,2,4,10,4,N,D,Y,C,H,A,A,07,N,03,E,,,,,I,Y,N,A,2,0,0,0,22350.0,1,40.23724342,-120.44916124,4
2011,2011-01-29,2133,1,4,21,6,N,A,Y,A,H,D,A,07,S,08,F,,,,,A,Y,N,D,1,0,0,0,22107.0,1,39.94584943,-120.026163,3
2011,2011-03-02,1235,3,1,12,3,N,B,N,B,H,A,A,07,E,01,E,,,,,I,Y,N,D,1,0,0,0,23152.0,1,40.39759772,-120.57360649,4
2011,2011-02-25,1600,2,4,16,5,N,B,Y,C,H,A,D,22,S,03,E,,,,,I,Y,N,D,2,0,0,0,22350.0,1,40.1788085,-120.38368467,3
2011,2011-02-14,800,2,4,8,1,N,B,Y,C,H,A,D,22,E,03,F,,,,,A,N,N,D,1,0,0,0,22350.0,1,40.31136757,-121.04291847,3
2011,2011-02-18,1420,2,4,14,5,N,D,N,C,H,A,D,22,W,01,E,,,,,I,Y,N,D,1,0,0,0,23152.0,1,40.2762434,-120.51732123,3
2011,2011-03-06,1240,3,1,12,7,N,B,N,A,H,A,D,22,E,03,C,,,,,C,Y,N,D,2,0,0,0,22350.0,2,40.39715,-120.60522,4
2011,2011-02-16,1045,2,4,10,3,N,A,Y,B,H,A,A,01,S,03,E,,,,,I,Y,N,D,1,0,0,0,22350.0,1,40.79002603,-120.35585135,3
2011,2011-02-04,1210,2,4,12,5,N,A,N,A,H,A,A,07,E,03,F,,,,,A,Y,N,D,3,0,0,0,22350.0,1,40.36596855,-120.48829015,3
2011,2011-02-19,930,2,4,9,6,N,A,N,C,H,A,A,08,W,03,E,,,,,I,Y,N,D,2,0,0,0,22350.0,1,40.14405568,-120.16473949,3
2011,2011-02-07,741,2,4,7,1,Y,A,Y,A,H,A,A,01,,09,D,,,,,C,Y,N,A,1,0,0,0,21802.0,2,40.31422412,-120.53859805,3
2011,2011-02-14,720,2,4,7,1,N,D,Y,C,H,A,A,07,W,03,E,,,,,I,N,N,A,1,0,0,0,22350.0,1,40.36960202,-120.83171165,4
2011,2011-02-03,808,2,4,8,4,N,A,Y,A,H,A,A,07,W,08,E,,,,,I,Y,N,D,1,0,0,0,22107.0,1,40.61559225,-121.1182398,3
2011,2011-02-05,600,2,4,6,6,N,A,Y,A,H,D,A,01,W,08,E,,,,,I,Y,N,D,1,0,0,0,22107.0,1,40.38626731,-120.60519426,3
2011,2011-03-19,923,3,1,9,6,N,B,Y,C,H,A,E,22,S,03,F,,,,,A,Y,N,D,1,0,0,0,22350.0,1,40.62429983,-120.24809574,4
2011,2011-03-18,1105,3,1,11,5,N,G,Y,A,H,A,-,- ,S,18,E,,,,Y,I,Y,N,D,1,0,0,0,,1,40.02821454,-120.10720819,4
2011,2011-03-25,525,3,1,5,5,N,B,Y,C,H,D,A,01,S,03,E,,,,,I,Y,N,D,1,0,0,0,22350.0,1,40.095314,-120.1816291,3
2011,2011-03-25,800,3,1,8,5,N,B,Y,C,H,A,A,01,N,03,E,,,,,I,Y,N,D,1,0,0,0,22350.0,1,39.95462876,-120.03536459,4
2011,2011-03-18,1900,3,1,19,5,Y,D,N,C,H,A,-,- ,,03,B,,,,,C,Y,N,D,1,0,0,0,22350.0,2,40.40876,-120.6565,4
2011,2011-03-19,900,3,1,9,6,Y,D,N,C,H,A,A,01,,03,A,,,,,C,Y,N,A,1,0,0,0,22350.0,2,40.42177,-120.65306,4
2011,2011-02-24,350,2,4,3,4,Y,B,Y,A,H,C,-,- ,,01,E,,,,,I,Y,N,A,1,0,0,0,23152.0,1,40.41599188,-120.65111213,3
2011,2011-04-10,2145,4,1,21,7,Y,A,N,A,H,D,C,02,,01,E,,,Y,,I,Y,N,A,0,0,0,0,23152.0,1,40.14405,-120.163572,1
2011,2011-04-25,810,4,1,8,1,N,B,Y,B,H,A,-,- ,N,18,E,,,,,I,Y,N,D,1,0,0,0,,1,40.04231553,-120.11759916,4
2011,2011-05-06,1115,5,1,11,5,Y,A,Y,A,H,A,A,08,,09,D,,,,,C,Y,N,D,1,0,0,0,21802.0,2,41.10353712,-121.17204015,4
2011,2011-05-03,935,5,1,9,2,N,A,Y,A,H,A,C,02,W,03,C,,,Y,,C,Y,N,D,2,0,0,2,22350.0,2,40.58731567,-121.08985756,2
2011,2011-04-07,1320,4,1,13,4,N,B,Y,C,H,A,A,01,W,03,F,,,,,A,Y,N,D,1,0,0,0,22350.0,1,40.5963408,-121.09836092,3
2011,2011-04-17,1430,4,1,14,7,N,B,N,A,H,A,C,02,S,08,E,,,Y,,I,N,N,D,1,0,0,1,22107.0,1,,,3
2011,2011-04-04,1110,4,1,11,1,N,A,Y,A,D,A,A,07,S,03,C,,,,,C,Y,N,A,1,0,0,0,22350.0,2,40.2995825,-120.51787021,4
2011,2011-04-25,1806,4,1,18,1,N,B,Y,C,H,A,A,07,S,03,F,,,,,A,Y,N,D,1,0,0,0,22350.0,1,40.94314291,-120.76511644,3
2011,2011-05-05,1050,5,1,10,4,N,A,N,A,H,A,A,01,N,03,F,,,,,A,N,N,D,1,0,0,0,22350.0,1,,,4
2011,2011-05-06,2350,5,1,23,5,Y,A,Y,A,H,D,A,07,,01,E,,,,,I,Y,N,D,1,0,0,0,23152.0,1,40.09627576,-120.18371187,2
2011,2011-05-14,315,5,1,3,6,N,A,Y,A,H,D,A,01,N,08,F,,,,,A,Y,N,D,1,0,0,0,22107.0,1,40.0376223,-120.11315185,2
2011,2011-05-08,1600,5,1,16,7,N,B,N,A,H,A,-,- ,W,18,E,,,,,I,Y,N,D,1,0,0,0,,1,40.37274124,-120.66623658,4
2011,2011-05-20,522,5,1,5,5,N,A,Y,A,H,A,D,22,N,05,E,,,,,I,Y,N,D,1,0,0,0,21650.0,1,40.37543153,-120.48469232,3
2011,2011-06-26,1805,6,2,18,7,N,A,Y,A,H,A,C,02,W,05,A,,,Y,,C,Y,N,D,3,0,0,1,21460.0,4,39.78127716,-120.06132078,2
2011,2011-06-07,1616,6,2,16,2,Y,A,Y,A,H,A,A,01,,09,D,,,Y,,C,Y,N,A,1,0,0,1,21802.0,2,40.41724557,-120.66777477,3
2011,2011-06-11,1430,6,2,14,6,N,B,Y,A,H,A,A,07,W,08,F,,,,,A,Y,N,D,2,0,0,0,22107.0,1,40.65361938,-121.19783951,2
2011,2011-06-10,1056,6,2,10,5,N,A,Y,A,H,A,C,02,W,03,F,,,Y,,A,Y,N,D,1,0,0,1,22350.0,1,40.41758489,-120.78254624,3
2011,2011-06-19,2139,6,2,21,7,N,A,Y,A,H,D,A,01,N,01,F,,,,,A,Y,N,D,1,0,0,0,23152.0,1,40.45683787,-120.62013435,3
2011,2011-01-19,745,1,4,7,3,Y,A,Y,A,H,A,-,- ,,00,D,,,,,C,Y,N,A,1,0,0,0,,2,40.37469535,-120.58043321,4
2011,2011-06-10,1030,6,2,10,5,N,A,Y,A,H,A,C,02,S,06,D,,,Y,,C,Y,N,D,1,0,0,1,21750.0,2,41.13444935,-120.92730062,2
2011,2011-07-09,1405,7,2,14,6,N,A,Y,A,H,A,A,07,S,- ,F,,,,,A,Y,N,D,2,0,0,0,,1,40.94759766,-120.50685218,3
2011,2011-06-16,1000,6,2,10,4,N,A,Y,A,H,A,A,01,E,03,C,,,,,C,Y,N,D,1,0,0,0,22350.0,2,40.41890131,-120.66301108,4
2011,2011-06-27,1100,6,2,11,1,Y,A,Y,A,H,A,A,01,,12,H,,,,,C,N,N,A,1,0,0,0,22451.0,2,40.40939376,-120.63490302,3
2011,2011-05-09,1925,5,1,19,1,N,A,Y,A,H,A,-,- ,S,18,H,,,Y,,H,Y,N,D,1,0,0,1,,1,41.05034692,-120.86948233,3
2011,2011-07-03,1300,7,2,13,7,N,A,Y,A,H,A,A,01,W,08,D,,,,,C,Y,N,D,2,0,0,0,22107.0,2,40.63123186,-121.14436379,2
2011,2011-07-01,1800,7,2,18,5,N,A,Y,A,H,A,D,22,E,05,E,,,,,I,Y,N,D,1,0,0,0,21650.0,1,40.60089274,-121.10305148,3
2011,2011-07-10,1238,7,2,12,7,N,A,N,A,H,A,D,22,E,05,E,,,,,I,Y,N,D,1,0,0,0,21650.0,1,40.39760249,-120.5739972,3
2011,2011-06-28,1501,6,2,15,2,N,B,N,B,H,A,G,25,N,03,F,,,,Y,A,Y,N,D,1,0,0,0,22350.0,1,40.49113514,-121.07492576,3
2011,2011-07-20,1120,7,2,11,3,N,A,Y,A,H,A,-,- ,W,- ,E,,,,,J,N,N,A,1,0,0,0,,2,40.41266309,-120.6390407,4
2011,2011-07-18,430,7,2,4,1,N,A,Y,A,H,D,D,22,N,01,E,,,,,I,Y,N,D,1,0,0,0,23152.0,1,40.59482687,-120.24815169,2
2011,2011-07-09,311,7,2,3,6,N,A,Y,A,H,D,D,22,E,08,F,,,,,A,N,N,D,1,0,0,0,22107.0,1,40.33247509,-120.92854198,4
2011,2011-08-06,40,8,2,0,6,N,A,Y,A,H,D,A,07,W,01,E,,,,,J,Y,N,D,1,0,0,0,23152.0,1,40.04196267,-120.11726678,3
2011,2011-07-07,1535,7,2,15,4,N,A,N,A,H,A,A,01,W,08,E,,,,,I,Y,N,D,1,0,0,0,22107.0,1,40.40175036,-120.62160105,4
2011,2011-07-14,1150,7,2,11,4,N,A,N,A,H,A,A,07,E,08,E,,,,,I,Y,N,D,1,0,0,0,22107.0,1,40.37380041,-120.66432238,3
2011,2011-07-16,1440,7,2,14,6,N,A,N,A,H,A,-,- ,E,18,H,,,,,A,Y,N,D,1,0,0,0,,1,40.37623112,-120.61613183,3
2011,2011-07-31,1830,7,2,18,7,N,A,N,A,B,A,C,02,N,03,F,,,Y,,A,N,N,D,2,0,0,2,22350.0,1,40.46796792,-120.75654387,3
2011,2011-07-14,1305,7,2,13,4,N,A,Y,A,D,A,A,07,W,03,C,,,,,C,Y,N,A,1,0,0,0,22350.0,3,40.37698475,-120.81085643,4
2011,2011-07-26,1315,7,2,13,2,N,A,Y,A,H,A,C,02,N,03,E,,,Y,,I,Y,N,D,1,0,0,1,22350.0,1,40.46753712,-120.60932995,3
2011,2011-06-24,620,6,2,6,5,N,A,Y,A,H,A,A,01,S,05,F,,,Y,,A,Y,F,D,1,0,0,1,21650.0,2,40.26722487,-120.475408,3
2011,2011-08-27,1726,8,2,17,6,N,A,Y,A,H,A,D,23,E,05,E,,,,,I,Y,N,D,0,0,0,0,21650.0,1,40.43906719,-120.83965504,1
2011,2011-08-23,1935,8,2,19,2,N,A,Y,A,H,A,D,22,N,05,E,,,,,I,Y,N,D,0,0,0,0,21650.0,1,40.63199904,-120.25116581,1
2011,2011-09-11,550,9,3,5,7,N,A,Y,A,H,D,A,07,E,08,E,,,,,I,Y,N,D,0,0,0,0,22107.0,1,40.43912183,-120.83852193,1
2011,2011-08-06,2038,8,2,20,6,N,A,Y,A,H,D,-,- ,S,18,H,,,,,H,Y,N,D,1,0,0,0,,1,40.37408611,-120.57951771,3
2011,2011-07-05,1430,7,2,14,2,N,A,N,A,H,A,-,- ,E,- ,C,,,,,C,Y,N,D,2,0,0,0,,2,40.41188377,-120.65148025,4
2011,2011-08-05,1645,8,2,16,5,N,A,N,A,H,A,A,01,S,09,D,,,,,C,Y,N,D,1,0,0,0,21801.0,2,40.41476978,-120.64021745,3
2011,2011-08-31,1215,8,2,12,3,N,A,N,A,H,A,D,22,W,05,F,,,,,A,Y,N,D,1,0,0,0,21650.0,1,40.54242,-120.62536,3
2011,2011-08-15,645,8,2,6,1,Y,A,Y,A,H,A,A,01,,09,D,,,,,C,Y,N,D,2,0,0,0,21802.0,2,40.31422412,-120.53859805,2
2011,2011-08-15,2135,8,2,21,1,N,A,Y,A,H,D,A,01,S,01,F,,,,,A,Y,N,D,1,0,0,0,23152.0,1,40.6503668,-120.65768771,2
2011,2011-08-17,1320,8,2,13,3,N,A,Y,A,H,A,A,01,S,08,E,,,,,I,Y,N,D,1,0,0,0,22107.0,1,40.7810031,-120.72691537,3
2011,2011-08-22,1315,8,2,13,1,N,A,Y,A,H,A,C,02,S,01,F,,,Y,,A,Y,N,D,1,0,0,1,23152.0,1,41.1623898,-120.50685672,2
2011,2011-08-28,730,8,2,7,7,N,A,Y,A,H,A,-,- ,N,18,E,,,Y,,H,Y,N,D,1,0,0,1,,1,41.1500959,-120.50966577,3
2011,2011-08-19,1200,8,2,12,5,N,A,Y,A,H,A,A,01,E,03,B,,,,,C,Y,N,D,1,0,0,0,22350.0,2,40.41225421,-120.63850453,4
2011,2011-08-05,1506,8,2,15,5,N,A,N,A,H,A,N,60,N,11,D,Y,,,,B,N,N,D,1,1,0,0,21954.0,2,40.41098232,-120.66074183,2
2011,2011-08-01,1430,8,2,14,1,N,A,N,A,H,A,-,- ,S,09,D,,,,,C,Y,N,A,1,0,0,0,21804.0,2,40.41989989,-120.66279018,4
2011,2011-09-06,516,9,3,5,2,N,A,Y,A,H,D,-,- ,N,18,H,,,,,H,N,N,D,1,0,0,0,,1,40.2218821,-120.43331814,4
2011,2011-09-05,1640,9,3,16,1,Y,A,N,A,H,A,A,01,,08,A,,,,,C,Y,F,A,1,0,0,0,22107.0,2,40.14396,-120.17116,3
2011,2011-09-11,1510,9,3,15,7,N,B,N,A,H,A,C,02,W,08,E,,,Y,,I,Y,N,D,1,0,0,1,22107.0,1,40.37701421,-120.65533437,2
2011,2011-08-25,1045,8,2,10,4,Y,A,Y,A,H,A,A,07,,01,A,,,,,C,Y,N,D,3,0,0,0,23152.0,2,40.04043171,-120.11583055,3
2011,2011-08-26,1600,8,2,16,5,N,A,N,A,H,A,A,01,S,08,E,,,,,I,N,N,D,2,0,0,0,22107.0,1,40.3969235,-120.45511887,3
2011,2011-08-24,545,8,2,5,3,N,B,Y,A,H,D,-,- ,S,18,H,,,Y,,H,Y,N,D,1,0,0,1,,1,40.20722495,-120.41708966,3
2011,2011-09-02,2305,9,3,23,5,N,A,N,A,H,D,A,01,W,01,F,,,,,A,Y,N,D,1,0,0,0,23152.0,1,40.28847608,-120.47926426,3
2011,2011-06-01,1630,6,2,16,3,N,C,Y,B,H,A,-,- ,E,03,E,,,,,I,Y,N,D,1,0,0,0,22350.0,1,40.41903154,-120.6636813,2
2011,2011-09-15,745,9,3,7,4,N,A,N,A,H,A,-,- ,S,21,G,Y,,,,B,N,N,D,1,1,0,0,22106.0,2,40.41266321,-120.65270673,4
2011,2011-09-26,1125,9,3,11,1,N,A,Y,A,H,A,-,- ,E,06,B,,,,,C,N,N,A,1,0,0,0,21755.0,2,40.40551341,-120.63264149,4
2011,2011-09-03,1833,9,3,18,6,-,A,Y,A,H,A,L,04,,11,H,,Y,,,G,N,N,A,1,0,1,0,21456.0,2,40.41632351,-120.65249469,3
2011,2011-10-23,1423,10,3,14,7,N,A,Y,A,H,A,D,22,N,05,B,,,,,C,Y,N,D,7,0,0,0,21460.0,2,39.79109404,-120.03810102,3
2011,2011-10-15,1730,10,3,17,6,Y,A,Y,A,H,A,A,01,,09,D,,,,,C,Y,N,A,1,0,0,0,21802.0,2,40.37469535,-120.58043321,4
2011,2011-09-23,1525,9,3,15,5,N,A,Y,A,H,A,D,22,N,01,E,,,,,I,Y,N,D,2,0,0,0,23152.0,1,40.37587732,-120.51376444,2
2011,2011-10-11,2200,10,3,22,2,N,A,Y,A,H,D,D,22,E,05,E,,,,,I,Y,N,D,1,0,0,0,21650.0,1,40.31554851,-120.98576852,4
2011,2011-09-28,1344,9,3,13,3,Y,A,N,A,H,A,-,- ,,09,A,,,,,C,Y,N,D,1,0,0,0,21801.0,2,40.41118,-120.6441,3
2011,2011-10-04,535,10,3,5,2,N,B,Y,A,H,D,-,- ,S,18,H,,,,,H,Y,N,D,1,0,0,0,,1,40.26577877,-120.47400443,3
2011,2011-10-10,1750,10,3,17,1,N,B,N,A,H,A,A,01,N,05,F,,,,,A,Y,N,D,2,0,0,0,21650.0,1,40.60262806,-120.84832549,3
2011,2011-09-23,2023,9,3,20,5,N,A,Y,A,H,D,A,01,W,08,E,,,,,I,Y,N,A,2,0,0,0,22107.0,1,40.02725536,-120.10698308,3
2011,2011-09-15,830,9,3,8,4,N,A,Y,A,H,A,C,02,N,05,F,,,Y,,A,Y,N,D,1,0,0,1,21650.0,1,40.38087127,-120.38022649,2
2011,2011-09-09,940,9,3,9,5,N,B,Y,A,H,A,A,07,N,08,E,,,,,I,Y,N,D,1,0,0,0,22107.0,1,40.34608266,-120.55894177,3
2011,2011-09-25,850,9,3,8,7,N,A,Y,A,H,A,A,01,S,05,A,,,,,C,Y,N,A,1,0,0,0,21460.0,2,39.93285986,-120.01963512,2
2011,2011-09-23,1400,9,3,14,5,N,B,Y,A,H,A,C,02,N,08,E,,,Y,,I,Y,N,D,1,0,0,1,22107.0,1,40.71943685,-120.6818043,3
2011,2011-11-17,1232,11,3,12,4,N,B,N,A,H,A,D,22,N,01,F,,,,,A,Y,N,D,2,0,0,0,23152.0,1,40.05993111,-120.14986575,2
2011,2011-11-01,1945,11,3,19,2,N,A,N,A,H,D,D,22,W,08,E,,,,,I,Y,N,D,1,0,0,0,22107.0,1,40.37164077,-120.64659212,3
2011,2011-11-19,515,11,3,5,6,N,A,Y,C,A,D,D,22,N,03,F,,,,,A,Y,N,D,1,0,0,0,22350.0,1,40.93751418,-120.75933275,3
2011,2011-11-19,921,11,3,9,6,N,A,Y,C,H,A,D,22,N,03,F,,,,,A,Y,N,D,1,0,0,0,22350.0,1,40.46169535,-120.27789768,3
2011,2011-12-08,1750,12,4,17,4,N,A,Y,A,H,D,A,01,N,03,D,Y,,,,C,Y,N,D,3,1,0,0,22350.0,4,40.28023915,-120.487233,1
2012,2012-01-08,2500,1,4,25,7,N,A,N,A,H,D,A,01,N,01,E,,,,,I,Y,N,D,0,0,0,0,23152.0,1,39.97932206,-120.08654058,1
2011,2011-12-30,1100,12,4,11,5,N,B,Y,A,H,A,G,25,S,03,E,,,,Y,I,Y,N,D,0,0,0,0,22350.0,1,40.45899258,-120.58134581,1
2011,2011-10-22,1630,10,3,16,6,N,A,Y,A,H,A,-,- ,W,18,F,,,,,A,Y,N,D,1,0,0,0,,1,40.37587733,-120.81303023,3
2011,2011-10-25,1844,10,3,18,2,N,A,Y,A,H,A,A,01,W,- ,E,,,,,I,Y,N,D,1,0,0,0,,1,40.39906705,-120.77447277,3
2011,2011-11-05,1200,11,3,12,6,N,A,N,A,H,A,A,01,S,08,E,,,,,I,Y,N,D,1,0,0,0,22107.0,1,40.14361212,-120.1562342,4
2011,2011-11-04,540,11,3,5,5,N,B,N,C,H,D,A,01,N,03,F,,,,,A,Y,N,D,1,0,0,0,22350.0,1,40.41450897,-120.62315226,4
2011,2011-11-19,524,11,3,5,6,N,B,Y,C,H,D,A,07,N,03,E,,,,,I,Y,N,D,1,0,0,0,22350.0,1,40.31474777,-120.53926773,4
2011,2011-11-13,1731,11,3,17,7,N,B,N,A,H,D,-,- ,E,18,H,,,,,H,N,N,D,1,0,0,0,,1,40.39939457,-120.61632246,3
2011,2011-11-08,2100,11,3,21,2,N,A,Y,A,H,C,A,01,N,08,D,,,,,C,Y,N,A,1,0,0,0,22107.0,2,40.38100535,-120.59153321,3
2011,2011-11-28,1736,11,3,17,1,N,B,Y,A,H,D,-,- ,N,18,H,,,Y,,H,Y,N,D,1,0,0,1,,1,40.365279,-120.41404943,3
2011,2011-11-18,922,11,3,9,5,N,B,Y,B,H,A,A,01,W,05,F,,,,,A,Y,N,D,1,0,0,0,21650.0,1,40.65303043,-121.19353849,2
2011,2011-11-18,1005,11,3,10,5,N,B,Y,C,H,A,A,07,E,03,F,,,,,A,Y,N,D,1,0,0,0,22350.0,1,40.44140751,-120.86204796,4
2011,2011-09-27,1215,9,3,12,2,N,A,Y,A,H,A,-,- ,,- ,A,,,,,C,Y,N,B,1,0,0,0,,4,40.4095158,-120.63500475,3
2011,2011-11-04,635,11,3,6,5,N,B,Y,C,H,D,D,23,S,03,F,,,,,A,Y,N,D,2,0,0,0,22350.0,1,39.88954383,-120.01929221,4
2011,2011-12-16,520,12,4,5,5,N,A,Y,C,H,D,-,- ,E,18,E,,,,,H,Y,N,D,1,0,0,0,,1,41.06666125,-121.2319903,4
2012,2012-01-23,1200,1,4,12,1,N,A,Y,A,H,A,N,60,W,11,G,Y,,,,B,N,N,A,1,1,0,0,21954.0,2,40.41702695,-120.65538823,3
2012,2012-01-23,615,1,4,6,1,N,D,Y,C,H,D,A,07,N,03,A,,,,,C,Y,N,D,6,0,0,0,22350.0,2,40.17736192,-120.38138227,4
2012,2012-01-03,2325,1,4,23,2,N,A,N,A,H,D,A,01,S,01,E,,,,,I,Y,N,D,1,0,0,0,23152.0,1,40.27486593,-120.47952797,4
2012,2012-01-16,940,1,4,9,1,N,A,Y,C,H,A,D,22,N,03,F,,,,,A,Y,N,A,1,0,0,0,22350.0,1,40.14386822,-120.28518339,3
2012,2012-01-23,640,1,4,6,1,N,D,Y,C,H,D,D,23,N,03,A,,,,,C,Y,N,D,1,0,0,0,22350.0,2,40.0589882,-120.13327352,4
2011,2011-12-20,1700,12,4,17,2,Y,A,N,A,H,B,-,- ,,00,H,,,,,J,N,N,D,1,0,0,0,,1,40.41352,-120.65535,4
2011,2011-12-02,800,12,4,8,5,N,A,Y,A,H,A,C,02,W,03,F,,,Y,,A,N,N,D,1,0,0,1,22350.0,1,40.41253534,-120.63887322,3
2011,2011-11-11,1115,11,3,11,5,Y,B,Y,A,H,A,C,02,,03,F,,,Y,,A,N,N,D,1,0,0,1,22350.0,1,40.41470373,-120.64571661,4
2011,2011-12-18,1530,12,4,15,7,N,A,Y,A,H,A,A,07,E,08,E,,,,,I,N,N,D,1,0,0,0,22107.0,1,40.48030783,-120.54500021,4
2011,2011-12-26,1255,12,4,12,1,Y,A,N,A,H,A,A,07,,09,D,,,,,C,Y,N,A,1,0,0,0,21802.0,2,40.31004,-121.00198,4
2011,2011-12-29,742,12,4,7,4,N,B,N,C,H,A,A,01,S,03,F,,,,,A,Y,N,D,1,0,0,0,22350.0,1,40.42740264,-120.72713882,4
2011,2011-12-31,421,12,4,4,6,N,A,N,C,H,D,A,01,N,01,E,,,,,I,Y,N,D,1,0,0,0,23152.0,1,40.42255159,-120.71591387,3
2011,2011-12-10,30,12,4,0,6,N,A,N,A,H,D,A,01,E,03,E,,,,,I,Y,M,D,3,0,0,0,22350.0,1,40.36378459,-120.63861224,3
2011,2011-12-11,2135,12,4,21,7,Y,B,N,A,H,D,A,01,,09,D,,,,,C,Y,N,D,2,0,0,0,21801.0,2,,,2
2011,2011-12-10,200,12,4,2,6,N,A,N,A,H,D,A,07,W,08,E,,,,,I,N,N,D,1,0,0,0,22107.0,1,40.36060076,-120.69679406,3
2011,2011-12-16,806,12,4,8,5,N,A,Y,A,H,A,A,01,N,08,E,,,,,I,Y,N,D,1,0,0,0,22107.0,1,40.5895674,-120.64175274,4
2011,2011-12-27,2355,12,4,23,2,N,B,Y,C,H,D,D,22,E,03,E,,,,,I,Y,N,D,2,0,0,0,22350.0,1,40.39631732,-120.77881646,2